,Rank,Feature,Importance
0,1,Sex,0.4787907186468326
1,2,Pclass,0.16641326756985014
2,3,Age,0.14556081834723716
3,4,Fare,0.1435919476040212
4,5,SibSp,0.04963734762938424
5,6,Parch,0.016005900202674714
