,Rank,Feature,Importance
0,1,Sex,0.6288796382731139
1,2,Pclass,0.21352543351233416
2,3,Age,0.061866895093931874
3,4,Fare,0.05080151938170098
4,5,SibSp,0.04492651373891922
5,6,Parch,0.0
