,Rank,Feature,Importance
0,1,Sex,0.47879071864683254
1,2,Pclass,0.17026125310659346
2,3,Age,0.15545446537094063
3,4,Fare,0.13091919991489193
4,5,SibSp,0.04963734762938423
5,6,Parch,0.01493701533135712
