,Rank,Feature,Importance
0,1,Sex,0.4787907186468326
1,2,Pclass,0.16641326756985014
2,3,Fare,0.15171547262603488
3,4,Age,0.13850617819654104
4,5,SibSp,0.051946138951430236
5,6,Parch,0.012628224009311127
