,Rank,Feature,Importance
0,1,Sex,0.47879071864683254
1,2,Pclass,0.1625652820331068
2,3,Age,0.1541718035253595
3,4,Fare,0.1349809624258988
4,5,SibSp,0.05194613895143022
5,6,Parch,0.01754509441737204
